F1,F2,F3,F4,FileName
Field1,Field2,Field3,Field4,Book1
1,24,47,70,Book1
2,25,48,71,Book1
3,26,49,72,Book1
4,27,50,73,Book1
5,28,51,74,Book1
6,29,52,75,Book1
7,30,53,76,Book1
8,31,54,77,Book1
9,32,55,78,Book1
10,33,56,79,Book1
11,34,57,80,Book1
12,35,58,81,Book1
13,36,59,82,Book1
14,37,60,83,Book1
15,38,61,84,Book1
16,39,62,85,Book1
17,40,63,86,Book1
18,41,64,87,Book1
19,42,65,88,Book1
20,43,66,89,Book1
21,44,67,90,Book1
22,45,68,91,Book1
23,46,69,92,Book1
Field1,Field2,Field3,Field4,Book2
2,48,94,140,Book2
4,50,96,142,Book2
6,52,98,144,Book2
8,54,100,146,Book2
10,56,102,148,Book2
12,58,104,150,Book2
14,60,106,152,Book2
16,62,108,154,Book2
18,64,110,156,Book2
20,66,112,158,Book2
22,68,114,160,Book2
24,70,116,162,Book2
26,72,118,164,Book2
28,74,120,166,Book2
30,76,122,168,Book2
32,78,124,170,Book2
34,80,126,172,Book2
36,82,128,174,Book2
38,84,130,176,Book2
40,86,132,178,Book2
42,88,134,180,Book2
44,90,136,182,Book2
46,92,138,184,Book2
